EP-PROJECT-44,6F3,2100030159,2100030973,2100031080
EP-PROJECT-44,6F3,2100031586,2100031695,2100031782
EP-PROJECT-44,6F3,2100030565,2100030094,2100030572
EP-PROJECT-44,6F3,2100032245,2100032247,2100031931
EP-PROJECT-44,6F3,2100030959,2100030976,ï¿½
EP-PROJECT-44,6F3,2100032151,2100032152,2100032173
EP-PROJECT-44,6F3,2100030418,2100030871,2100031445
EP-PROJECT-44,6F3,2100030721,2100030268,2100030723
EP-PROJECT-44,6F3,2100030412,2100031019,2100030800
EP-PROJECT-44,6F3,2100032294,2100032298,2100032585
EP-PROJECT-44,6F3,2100031423,2100031493,2100032240
EP-PROJECT-44,6F3,2100031227,2100030036,2100030594
EP-PROJECT-44,6F3,2100030832,2100030362,2100031748
EP-PROJECT-44,6F3,2100031661,2100031460,2100031599
EP-PROJECT-44,6F3,2100031436,2100031601,2100031605