UniversityId,Student Name,Password
2000030636,MOHAMMADASHRAFF,2000030636
2000030014,ARRCHITKUMAR,2000030014
2100030001,ABDULAFROZ,2100030001
2100030149,GADDIPATIVINEETHSAI,2100030149
2100030529,TALAPANENISASANK,2100030529
2100030102,CHILLARIGEV S R SGOUTHAM,2100030102
2100030023,ATLARAJENDRA,2100030023
2100030410,PATCHIPULUSUM N V V SARVESWARAGUPTA,2100030410
2100030179,GORIJAVOLUCHAKRADHAR,2100030179
2100030101,CHENNUPATIKARTHEEK,2100030101
2100030525,TADIKONDALAKSHMIKANTH,2100030525
2100030231,KANAGALAROHAN,2100030231
2100030182,GOTTIPATIAJAY,2100030182
2100030583,VEERAMACHANENI MANIKANTACHOWDARY,2100030583
2100030178,GORANTLAYATHINSAI TEJA,2100030178
2100031308,VETSAMANISHANMITHA,2100031308
2100030347,MOVVASIVA KARTHIKCHOWDARY,2100030347
2100030598,VETSASUBHASH,2100030598
2100030531,TALLURIVINEETHA,2100030531
2100030573,VAMSIOMKARYARLAGADDA,2100030573
2100030544,THATIVARTHALASWAMIAYYAPPA,2100030544
2100030678,BETHUB NAGA VENKATAKRISHNA SAI,2100030678
2100030609,KURANGIVIJAYA LAKSHMIRENUKA,2100030609
2100030458,RANGINEENISURYA VAMSIRASAGNYA,2100030458
2100030413,PATHURISUHARSHA,2100030413
2100030192,GUNTUPALLIVENKATA NAGA SAIINDU PRIYA,2100030192
2100030217,KSASIDHAR N RCHOWDARI,2100030217
2100030124,KOTHADEVENDER REDDY,2100030124
2100030913,VENETIVIGNESHCHETHAN,2100030913
2100030501,SHAIKREHANA,2100030501
2100030199,JMANISHKUMAR,2100030199
2100030459,RAVILLAGIRISHCHANDRA,2100030459
2100030973,GURINDAPALLIRAJESH,2100030973
2100030845,NERELLAVENKATAANIL RAMA KRISHNA,2100030845
2100030539,TATINIHEMASREE,2100030539
2100030311,MADDISRAVANKARTHIK,2100030311
2100030493,SHAIKKALESHAVALI,2100030493
2100030161,GAUTHAMM,2100030161
2100030352,MULLAPUDIHIMA VIJAYA DURGABHAVANI,2100030352
2100030386,NUKALAHARITHASREE,2100030386
2100030957,CHEEKATIHEMANTH,2100030957
2100032244,MATURILOHITH NAGA VENKATA SAIMANIKANTA,2100032244
2100030188,GUDIGUNTAJANAEKIRAM,2100030188
2100030005,AILURIMANOJ KUMARREDDY,2100030005
2100030176,GOPISETTYCHAITANYA,2100030176
2100030130,DHANYASRIGRANDHI,2100030130
2100030533,TAMMINACHANDINI VENKATAMANI SRI,2100030533
2100030612,YALAMATIMAHIMAMANI,2100030612
2100030552,TIYYAGURASIRISATHWIKA,2100030552
2100030446,PRATHAPANISATYA BHANUVIKAS,2100030446
2100030519,SURYATEJAKOLLI,2100030519
2100030112,DAMARLAGOPALAKRISHNA,2100030112
2100030153,GANAMANINEHASRI,2100030153
2100030651,UPPALAASHRITHA,2100030651
2100030302,LEELAKRISHNADOGIPARTHI,2100030302
2100030354,MUMMANENIVARSHITHA,2100030354
2100030469,SAGIRAJULALITHARANI,2100030469
2100031030,S S S S KARTHIKEYA VARMADATLA,2100031030
2100030442,PONNURUPAVANKUMAR,2100030442
2100030136,SARANYAREDDYDONTI REDDY,2100030136
2100031867,CHIKOTINAGASRUTHI,2100031867
2100030098,CHENNAMSETTYVENKATAPRAVEEN,2100030098
2100030495,SHAIKKHAJAVALI,2100030495
2100030097,CHENNAMSETTYVENKATAPRASANNA,2100030097
2100030721,SAIYILAGIRIDHARNARASIMHA,2100030721
2100030229,KAMISETTYMARKANDEYASWAMY,2100030229
2100030226,KAMBHAMCHARLESREUBAN,2100030226
2100030870,GORRELASATYA SAISRIRAM,2100030870
2100030559,UDDARAJUVIJAYA LAKSHMIANANYA,2100030559
2100030233,KANDIBANDAASHISH,2100030233
2100030554,TULABANDULASYAMNADH,2100030554
2100030279,KOTALALITHESH V N S SSATHVIK,2100030279
2100031221,PASUMARTHITRISHASAI,2100031221
2100030196,IMMANNIGAGANKUMAR,2100030196
2100031876,PONNAGANTIVARUN VENKATASATYA SAI,2100031876
2100030435,PILLAGOLLADURGAJAYA SAI,2100030435
2100030090,CHALLAGUNDLAVARSHA,2100030090
2100030057,BILLUNITISH,2100030057
2100030473,SAKHAMURIJAYAPAULNAIDU,2100030473
2100030730,HITESHJETTI,2100030730
2100030132,DIRAVATUVINEELA,2100030132
2100031096,PUTTETISAMHITHA,2100031096
2100030003,ADAPAVIRESH,2100030003
2100030513,SUJANIMULKMANISHBABU,2100030513
2100030567,VADLAMANUSHUSHMAPRIYA,2100030567
2100030440,POLURISANDEEPREDDY,2100030440
2100032119,MADDIPATIHEMAJA,2100032119
2100030330,MARRISARATHKUMAR,2100030330
2100030545,THIPPIREDDYMAHENDRA,2100030545
2100030832,PAMIDIPREETHI,2100030832
2100030253,KILARIHARSHAVARDHAN,2100030253
2100030652,BACHULAHARI,2100030652
2100030308,MADALAREVANTH VENKATASAI,2100030308
2100030086,CHAITANYASNEHITHAKANAGALA,2100030086
2100030230,KAMMELARAVITEJA,2100030230
2100030614,YANAMADALASAI SOMA VENKATCHOWDARY,2100030614
2100030569,VAJJEKRISHNAPRANAV,2100030569
2100030615,YARAGUTIRADHA,2100030615
2100030316,MAGANTIKHYATHISARAYU,2100030316
2100030261,PAVANIKOUSHIK,2100030261
2100030271,DURGASAHITHIKONAKALLA,2100030271
2100030538,TATILAKSHMIPOOJITHA,2100030538
2100030578,VARTHANAPALLIKOWSHIKSRI TEJA,2100030578
2100030289,KUNTAMUKKALASUSMITHA,2100030289
2100030104,CHINTHAHEMA,2100030104
2100030474,SAMINENISAIDINAKAR,2100030474
2100030802,CHAVALAMVARSHITH,2100030802
2100030467,S M MSRILEKHASEETHEPALLI,2100030467
2100030875,TATAPRADEEP,2100030875
2100031017,PARIMISAHITHIDEVI,2100031017
2100030797,VANUMGOPI SAISUMANTH,2100030797
2100031093,KOUSALYAUTPALA,2100031093
2100030141,EDUPUGANTISAIRITHISHA,2100030141
2100030236,KANDUKURISRINITHYA,2100030236
2100030283,KOTHASINDHU,2100030283
2100030307,MADALAPAVAN PRANAVSAI,2100030307
2100030587,VEERAVALLIJAYANTH,2100030587
2100030624,YERRADOONDI VARMA,2100030624
2100030324,MANDALAPUVENKATA SRINIVASASAI RAM,2100030324
2100030585,VEERANKISRICHARITHA,2100030585
2100030494,SHAIKKHADEERBASHA,2100030494
2100030293,KUSHALKUMARPARIMI,2100030293
2100030077,BURRASRIPRAKASH,2100030077
2100030356,MUPPANENIPRAVEENKRISHNA,2100030356
2100030051,BEJAWADASRINADH,2100030051
2100030427,PENUGONDAVENKATA SAI MANI BALAVISHNU,2100030427
2100030227,KAMBHAMPATIRAGHAVENDRASATHVIK,2100030227
2100030037,PODILEBALARAM,2100030037
2100030390,VENKATALAKSHMI SAHITHIPOLURI,2100030390
2100030385,NSHRAVYA,2100030385
2100030340,MOHAMMEDABRAAR,2100030340
2100030129,DHANIYALASAIJASWANTH,2100030129
2100031401,PARIMINITISH,2100031401
2100030079,BUDESUBRAHMANYA PAVANVIGNESH,2100030079
2100030407,PASUMARTHICHAITANYARUSHI,2100030407
2100030020,ARUMALLASRUJANREDDY,2100030020
2100030872,GADERAJUSUNDARARAMARAJU,2100030872
2100030038,BALINENILAKSHMI VARAPRASAD,2100030038
2100030928,NALLAJARLACHAITANYALAKSHMI,2100030928
2100030137,DOPPALAPUDISAITEJA,2100030137
2100030121,DESABOYINASAIANIL,2100030121
2100030728,KODAMANCHILISRI VENKATANAND,2100030728
2100030282,KOTHAPOORNASURESH,2100030282
2100030500,SHAIKNELOFOR,2100030500
2100030158,GANTAVENKATA VARUNCHAND,2100030158
2100030225,KALLAMYAKSHITHA,2100030225
2100031215,CHEKURIGOWTHAMCHOWDARY,2100031215
2100030419,PEDDIBHOTLAPHANI RADHASREEKAR,2100030419
2100030105,CHINTHOTIYOGISRI PUJITHA,2100030105
2100030018,ARRAMALIDAKSHAYANI,2100030018
2100031196,BOYINAVISWAKUMAR,2100031196
2100031091,VENKATARATHAN PONNAM,2100031091
2100030395,PALLIJAGADEESH,2100030395
2100032290,GURUJUGANESH SRIKARTHIKEYA,2100032290
2100030443,PONNURUPRUDHVISRINIVAS,2100030443
2100030093,CHANDUSRI LAKSHMIVYSHNAVI,2100030093
2100030168,GOBERUSANJAY HANUMAN,2100030168
2100030425,RISHITHAVARMAPENMETSA,2100030425
2100030387,NUNNAHEMA SRILAKSHMI,2100030387
2100030058,BIRRUSAI KARTHIKEYA,2100030058
2100030862,CHINTALAPUDIADITHYA,2100030862
2100031580,DATLAASHIKVARMA,2100031580
2100030834,RAYAPUDINITHINKUMAR,2100030834
2100030287,VIJAYGURU BALAJIK S,2100030287
2100031092,MADIREDDYARAVIND,2100031092
2100030237,KANDULAVENKATA VEERAASWINI,2100030237
2100030921,KUSAMSRIGAYATHRI,2100030921
2100030487,SEEPAANICHAITANYA,2100030487
2100030724,GADEMUKESHREDDY,2100030724
2100031102,ADAPAVENKATAPRADEEP,2100031102
2100030886,DEEVIRAJYALAXMISREEJA,2100030886
2100031203,TRINADH PATHURI,2100031203
2100030062,BODDULURIMANOGNA,2100030062
2100030961,SAINIHRUSHIKESH,2100030961
2100031362,POTNURU.KARTHIK,2100031362
2100030646,KONDASREE NARASIMHA BADARINARAYANA,2100030646
2100031100,BIKKINASUSHEELCHOWDARY,2100031100
2100030114,DANISIRIAKANKSHA,2100030114
2100030481,SANKULAJAYAPRAKASH,2100030481
2100030914,CHODISETTIHARISATYAM,2100030914
2100030864,KUPPAMBHOTLAV S S SSRUJAN,2100030864
2100030292,KURRE NAGA USHASRI,2100030292
2100030835,MALLINAKARTHIKSAI,2100030835
2100030608,YMOKSHAGNA RAMACHOWDHARY,2100030608
2100030360,MYGAPULAGNANA SRISAHITHI,2100030360
2100030281,KOTHAJAHNAVI,2100030281
2100031920,RAYADAVALAMAPPALARAJU,2100031920
2100031572,SUNKARASATYA DURGA SRIRAMKUMAR,2100031572
2100030917,MANNETEENACHOWDARY,2100030917
2100030140,DWARAMPUDIBALAJIREDDY,2100030140
2100030541,TEKIBHAVISHYA,2100030541
2100030571,VALIVETISAISRINIVAS,2100030571
2100030604,VISSAMSETTYSRIKANTH,2100030604
2100030883,NEKKANTIYOGENDRA,2100030883
2100030524,SYEDALTHAFBASHA,2100030524
2100030891,MADALANARASIMHARAO,2100030891
2100030884,VATTIKONDAMOHITHKUMAR,2100030884
2100030882,ATRUSRIVALLI,2100030882
2100030049,BEDADHALARAVI TEJAREDDY,2100030049
2100031260,GADHIRAJUROHAN N VENKATA SATYADURGAVARMA,2100031260
2100030017,ARJUNS,2100030017
2100030181,GOTAMRAMA VENKATA PRAKASH,2100030181
2100030972,PENDYALAABHIRAMCHOWDARY,2100030972
2100030091,CHALLARI PRANITHA,2100030091
2100030898,MOTHUKURIMANIDEEP,2100030898
2100030365,NAGINADHANA SAI SRIVYSHNAVI,2100030365
2100030505,SINGALAYOGEESWAR SAI RADHAKRISHNA,2100030505
2100030472,SAJJAHEMANTH,2100030472
2100030737,MULAGALASRAVANTHI,2100030737
2100030535,TANNIRUVINDYASREE,2100030535
2100032145,SHEIKAHMED,2100032145
2100030245,KARRISNEHALATHA REDDY,2100030245
2100030508,SOMISETTISNEHA SAISRI,2100030508
2100030162,GEDELAHASWANTH,2100030162
2100030865,MANDALEMULASRI SAISATWIK,2100030865
2100030819,CHANDUJAGADEESWARI,2100030819
2100030144,ENUGANTIBHAVANA,2100030144
2100030346,MOVVASUDHAKAR,2100030346
2100030039,BALISETTYPRASANTH,2100030039
2100030046,BATTULAKALYANKOWSHIK,2100030046
2100030693,PRONIT,2100030693
2100030394,PALLEMPATIAKHILCHOWDARY,2100030394
2100030064,BOLLAHEMANVITHASRI,2100030064
2100030338,MOHAMMADAFREENAQTHAR,2100030338
2100030248,KATTAPRIYANKAGRACE,2100030248
2100031573,JAYASREEMEDANDRAO,2100031573
2100030350,MUKKAMALAHEMA SAI,2100030350
2100031046,MADDALISAI SREEVAISHNAVI,2100031046
2100031440,PRAGADALAKSHMI VENKATA KALKISAINATH,2100031440
2100030172,GOLILIKITHA,2100030172
2100030433,PICHUKALANAVYASRI DURGA,2100030433
2100030035,BAJARUPRAVEENKUMAR,2100030035
2100030761,PARCHURIJYOTHIKA,2100030761
2100030649,MOHAMMEDFEROSE,2100030649
2100030268,KOMMANITHYANANDHAREDDY,2100030268
2100030150,GADEVENKATA SAILAKSHMI,2100030150
2100032176,KONDURUBHARATH KUMARREDDY,2100032176
2100030448,PULIRISHITHA,2100030448
2100031588,VEERATHIVEERA VENKATASAI RAM,2100031588
2100030201,JAKKULAMEGHANA,2100030201
2100030343,MOLAKALURIDATTA VENKAT SANKARKARTHIK,2100030343
2100030589,VELLANKIRAJEEVKAMAL,2100030589
2100030522,SYEDHASIFALISHA,2100030522
2100030491,SHAIKMOHAMMADMOHASIN,2100030491
2100030321,MALLEBOINASOWJANYA,2100030321
2100030709,MADUVARUN,2100030709
2100030247,KATTAHARSHAVARDHAN,2100030247
2100030063,BOLISETTYNAGA VENKATA SIVA SAIMADHAV,2100030063
2100030306,MADALANAVADEEP,2100030306
2100031472,ILLAVAMSIMURALI,2100031472
2100030339,MOHAMMADFARHAN,2100030339
2100030465,ROLLAANILKUMAR,2100030465
2100030362,NCHSRI NITHYA,2100030362
2100030634,DONTHIREDDYAKHILA,2100030634
2100030329,MARRINAGESWARA RAO,2100030329
2100030457,RANGAVENKATA ADI RAMAPARDHU,2100030457
2100030418,PEDDASOMAPPAGARI LAKSHMI NARAYANAREDDY,2100030418
2100030274,KONDAMUDIRACHELANUPAMA,2100030274
2100030372,ALANANDU,2100030372
2100031277,DARAPUREDDIJAYA VENKATAKANAKAYYA,2100031277
2100030160,GATTAMANENIPRANAV,2100030160
2100030053,BHARGAVCHIRAMDASU,2100030053
2100030421,PEDAPROLUKARTIKEYA,2100030421
2100030417,PEDAPROLUKOUNDINYA,2100030417
2100030685,CHIRUMAMILLAKEERTHI,2100030685
2100030521,SYEDFAISALAMANULLA,2100030521
2100030579,VARUNCHIMATA,2100030579
2100031382,MUKKALANITHISHREDDY,2100031382
2100031095,SATHIS N V MANIKANTABHASKAR REDDY,2100031095
2100030632,YADLAPALLIMAHESH,2100030632
2100030265,KOLLUVINAY,2100030265
2100030092,CHANDUCHARAN NAGAVIVEK,2100030092
2100030045,BATTULAHRUTHVIKSAI,2100030045
2100030252,KHAMBHAMPATISAHITH,2100030252
2100031427,ABBINABALAAKHILESWAR,2100031427
2100030483,SATTIDEEPIKAPADMAJA,2100030483
2100030476,SANAKAANUHYA,2100030476
2100030753,KODALILOHITHKUMAR,2100030753
2100032014,VINAYMANAPAREDDY,2100032014
2100030776,VELAVALAPALLIS GEETHIKASOMESWARASOWJANYA,2100030776
2100030336,MUTHYALAV M GAYATHRIANKITHA,2100030336
2100030896,VENKATASHAYAMMANUKONDA,2100030896
2100030810,MANDALAPUVINDHYASREE,2100030810
2100030241,KARETISIVAGANESH,2100030241
2100030550,TIRNATHIMOUNISH DATTA NANDASRI RAM,2100030550
2100030119,DASUJASWANTH,2100030119
2100030322,MANCHIKALAPUDIVARSHINI,2100030322
2100030566,VALLURIYASWINCHOWDARY,2100030566
2100030218,MUDUNURYTARUN SAI PHANIVARMA,2100030218
2100031071,EMMANIJAYAKRISHNAMARUTHI,2100031071
2100030668,KANKARAHARIPRIYA,2100030668
2100030447,PUCHALAPALLISATHWIK,2100030447
2100030246,KATAKAMNAGA VENKATA ANJANI SIVASRI LASYA,2100030246
2100030044,BATHINASRINADH,2100030044
2100031228,KANAPARTHI GOWTHAM,2100031228
2100030782,ALAPATIJASWANTH PHANI SAIKRISHNA,2100030782
2100030286,KOVVURUDHANUSH,2100030286
2100030971,PENUMAKASIRICHANDANA,2100030971
2100030595,VENKATASAI MADHURIYAMALA,2100030595
2100030313,MADDINENIL V NSAI KRISHNA,2100030313
2100030180,GORLAHEMANTHREDDY,2100030180
2100030857,REPAKULAPREMCHARAN,2100030857
2100031060,VENKATAKARTHIKKASANI,2100031060
2100030613,YALAVARTHISIDDHARDHA,2100030613
2100030577,VARIKUTINAGA VENKATA RISHI KONDAREDDY,2100030577
2100030300,LAVUSHANMUKHASITARAM,2100030300
2100031116,VEERAVALLIPAVANI,2100031116
2100030374,NAVULURILOKESH,2100030374
2100030249,KATURUYASHWANTH,2100030249
2100030829,UDAYAGIRINAGA SATYASAI TEJA,2100030829
2100030958,BODAPATISUJITHA,2100030958
2100030593,VENKATAISWARYAGONTLA,2100030593
2100030639,ABBURULAKSHMIHEMALATHA,2100030639
2100030025,AVALAVARSHASREE,2100030025
2100030297,LAGADAPATINIVESH,2100030297
2100030619,YARRACHANDRASEKHAR,2100030619
2100030517,SUREDDYKAVYASRI,2100030517
2100030298,LAGADAPATIRUPAVATHI,2100030298
2100030296,LAGADAPATIEEKSHITHA,2100030296
2100030152,GAJULAMANJU,2100030152
2100030214,K N V P SSIVA NISHANTH,2100030214
2100030033,BADUGULAKSHMISRIRAM,2100030033
2100030072,BONDUSANKEERTHANA,2100030072
2100031061,PUVVADANIKHITHACHOWDARY,2100031061
2100030143,EMANINAGABHAVIGNA,2100030143
2100030906,ABBURIANIRUDHBABU,2100030906
2100030392,PAIDIPATIHARSHAVARDHAN,2100030392
2100030889,NAMBURUAJAYGOPAL,2100030889
2100030833,MADDELAPRANAYKUMAR,2100030833
2100030463,REKAPALLIMANDESWARAHAREEN,2100030463
2100030445,POTTIHARIKISHORE,2100030445
2100030323,MANDALAVINAIKUMAR,2100030323
2100030510,GODAVARISRIKANTH,2100030510
2100030871,KALAKONDAAKSHAY,2100030871
2100030663,KONDAPALLINAMRATHACHOWDHARY,2100030663
2100030931,KEESARAPRUDHVI SAI REDDY,2100030931
2100030115,DARAVENKATA GAYATHRISWETHA,2100030115
2100030900,SABBINENIHIMA KRANTHSAI,2100030900
2100030708,PALANATISREEKAR,2100030708
2100030468,SADINENIAJAY,2100030468
2100030775,DASARISRAVYA,2100030775
2100030611,SHANMUKHSAIYALAMANCHILI,2100030611
2100030358,MUTYALAMONA,2100030358
2100030916,KHETHWIKREDDY,2100030916
2100030594,VENKATARAOBOLLEPALLI,2100030594
2100030515,SURAGANIBHUVANESH,2100030515
2100031428,NUNESESHU SRIRAMACHOWDARY,2100031428
2100030507,SOHANTUMMALAPALLI,2100030507
2100030523,SYEDSANIARIZVI,2100030523
2100030558,TUNUGUNTLAAKHILBHAGYESH,2100030558
2100030278,KOPRADAPYDI DURGA LAKSHMISRIVIDYA,2100030278
2100030527,TADIPATTIVIJAYALAKSHMI,2100030527
2100030109,CHUNDURUSAI PHANI LAKSHMIDATTA APURVA,2100030109
2100030562,UPPALAPATISRIRAMNIVAS,2100030562
2100030754,THOKALAVENKATACHANDANA,2100030754
2100030055,BHUVANAATMAKURI,2100030055
2100030210,JONNALAGADDATHRISHITHA,2100030210
2100030821,PENUMALLUPARAMA SIVA ADITYAREDDY,2100030821
2100030400,PAPOLUROHITHA,2100030400
2100030260,KOLAGANIHARI NAGAVARA PRASAD,2100030260
2100030456,RAMPALLINAVYASREE,2100030456
2100030169,GODAVARTHISUBRAMANYA MURALIKOWSIK,2100030169
2100030532,TAMMAVENYA,2100030532
2100030163,GEETHASRIINAMPUDI,2100030163
2100030083,CHODIPINDISAIVENKATA DHARAHAS,2100030083
2100030050,BEJAWADASREELEKHYA,2100030050
2100030475,SAMMETABHARGAV VENKATARAMANA,2100030475
2100030111,DAGANIAKHIL DUTT,2100030111
2100030127,DEVUGOVARDHAN,2100030127
2100031272,KATRUJYOTHIKA,2100031272
2100030221,KAKUMANUNAGA VENKATA SAIMOHANA,2100030221
2100030471,SAITEJAPARUCHURI,2100030471
2100031303,ALUVALAVEDAVAMSI,2100031303
2100030396,PAMIDIBOINAKOWSHIK NAGASAINATH,2100030396
2100030205,JASTHIB DCHINNI KRISHNA,2100030205
2100030032,BADUGUDEVAHARSHA,2100030032
2100030128,DHANIKONDAMOHANAKRISHNA,2100030128
2100030013,LANKAANEESHA,2100030013
2100030470,SAISREEGOPALAKRISHNAN,2100030470
2100030676,NARSUPALLIGAYATRI,2100030676
2100030224,KALAVAKUNTAKUNDANBABU,2100030224
2100030126,DEVIREDDY LOKESHREDDY,2100030126
2100030240,KARAMPUDIDURGA VENKATASHYAM KUMAR,2100030240
2100030621,YELEBHAGYASRI,2100030621
2100030436,PINDIBOYINACHANDRAVARSHINI,2100030436
2100030444,POTHURINAGASRAVYA,2100030444
2100030157,GANJAMSAICHANUKYA,2100030157
2100030406,PASALAPUDIMOHAN SATYAVENKATESH,2100030406
2100030655,PAMARTHIPRUDHVIKIRAN,2100030655
2100030243,KARRAVULAVENKATA VARA PRASADREDDY,2100030243
2100030441,PONNURUDINESH VENKATASAI TEJA,2100030441
2100030462,REGULAGADDASRI VISWANADHKARTHIK,2100030462
2100030190,GUJJARLAPUDIDIGVIJAYSAI,2100030190
2100030310,MADDIPRANAV VENKAT SAISIVA RAM,2100030310
2100030650,GHANTALOHITHSAI,2100030650
2100030004,ADUSUMALLISREEJA,2100030004
2100030959,REDDYVENKATKALYAN,2100030959
2100030368,NALLAMOTHUDEEPTHI,2100030368
2100030122,DEVALLABHASKARGANESH,2100030122
2100030526,TADIPARTHIMIHIRKUMAR,2100030526
2100030167,GUDIWADANAGA VENKATA BHASKARA GUPTA,2100030167
2100030074,BORRUAKHILASAI,2100030074
2100030844,CHANDRAMOULILAKSHMI SRI RAMVARDHAN,2100030844
2100030542,TELLAKULACHARITHKUMAR,2100030542
2100030095,CHAPPIDISATYA SIVAMANIKANTA,2100030095
2100030514,SUNKARAV S SCHAITANYA,2100030514
2100030765,SUNKARAP S SGANGA BHAVANI,2100030765
2100030827,EMANDIVENKATA SAIYASHASWINI,2100030827
2100030200,JAJAMDWARAKRAMJI,2100030200
2100030623,YERRARAHULSAI,2100030623
2100030549,TIPIRNENIHEMASRI,2100030549
2100030159,GARLAPATICHANDRAKARTHIKEYAABHI,2100030159
2100030009,ALLAMAJITHKUMAR,2100030009
2100030627,MONDEPUGAYATHRI,2100030627
2100030412,PATHANNOOR MOHAMMEDKHAN,2100030412
2100030099,CHENNOJUSAI ROHITH,2100030099
2100030021,ATHINADURGAPRASAD,2100030021
2100030309,MADDANAGA VENKATAKARTHIKEYA,2100030309
2100030184,GRANDHILAKSHMI VENKATANITHIN,2100030184
2100030312,MADDIBOINALOKESH,2100030312
2100030520,SYEDANWARHUSSAIN,2100030520
2100030135,DONTHIREDDYSRINIVASAREDDY,2100030135
2100030543,TELUGUNTLASIDDHARTHA,2100030543
2100030067,BOMMAGANTIVINAY SAIKIRAN,2100030067
2100030460,RAYANKULAVIJAY,2100030460
2100030434,PIDUGUSIDDARDHASAI TEJA,2100030434
2100030019,ARUMALLAJASWANTHREDDY,2100030019
2100030166,GIDDANTIMOKSHIT,2100030166
2100030606,VUTUKURIV N SAI RAGHAVENDRAGUPTHA,2100030606
2100030536,TATIALEKHYA,2100030536
2100030584,VEERAMACHANENIPUSHKAR,2100030584
2100030369,NALLAMOTURENU,2100030369
2100030170,GODEDURGAPRIYA,2100030170
2100030381,NIMMAGADDAANJALI,2100030381
2100030548,TIPARANIMANIKANTASAI PAVAN,2100030548
2100031209,GANDRALA HEMA SAI,2100031209
2100030423,PENDYALAROHANJOSHI,2100030423
2100030590,VEMPATIPRABHU MAHITAKEERTHI,2100030590
2100030183,GRANDHIJO ATCHUTHSESHA SAI,2100030183
2100030379,NERELLAJRAHUL,2100030379
2100030285,KOTIPALLISAKETHSRIRAM,2100030285
2100030622,YELLALIKHITHA BHAGYASRI,2100030622
2100030326,MANNAVA MANOJ,2100030326
2100030738,CHUNDURUDEEPAK SAISRIVATSA,2100030738
2100030367,NALAJALATIRUPATAMMA,2100030367
2100030028,AVULURINEELIMA,2100030028
2100030138,DOPPALAPUDIJYOTHSNA,2100030138
2100030399,PANNALAVENKATA NAGA MANISAI CHARAN,2100030399
2100030839,JINKALASAIKALYANYADAV,2100030839
2100030838,NEELAMKARUNYA,2100030838
2100030576,VANGAVENKATA VISHNU VARDHANREDDY,2100030576
2100030007,AKSHAYALANKA,2100030007
2100030492,SHAIKAHMADNIHAL,2100030492
2100030066,BOLLAREDDYNAVEEN KUMARREDDY,2100030066
2100030416,PAVANIMADASANI,2100030416
2100030414,PATIBANDLASWEETY,2100030414
2100030540,SAI SRIHARSHITHATAYI,2100030540
2100030264,KOLLISETISEETARAMKUMAR,2100030264
2100030084,CHAGARLAMUDIAKHIL,2100030084
2100030840,KANDIKANTIROHITHGOUD,2100030840
2100030238,KAPARAJUAKHILESH,2100030238
2100030215,NAGAPRABHASKATAKAM,2100030215
2100030223,KALARISEETHARAM,2100030223
2100030684,ANDESRINIVAS,2100030684
2100030031,BABYAPARNATANARI,2100030031
2100030453,RAGHAVARAPULAXMI NARASIMHACHARAN SAI,2100030453
2100030422,PENDELACHARAN RAMKUMAR,2100030422
2100030620,YEJJUROHITA LAKSHMIVASAVI,2100030620
2100030409,PATANASHRAF ALIKHAN,2100030409
2100030388,NUNNAHARINATH,2100030388
2100030103,CHINNIBHARGAVI,2100030103
2100030335,MENDAAKASHNAIDU,2100030335
2100030290,KURIVELLAVENKATA VIJAYARAHUL,2100030290
2100030432,PITCHUKAGNANA SRICHAITANYA,2100030432
2100030345,MORTHALAVIJAYA SIMHAREDDY,2100030345
2100030325,MANDURICHARAN SAICHOWDARY,2100030325
2100030383,NIMMAKURISAIKRISHNA,2100030383
2100030376,JNEERAJ,2100030376
2100030546,THOTABHARATHCHANDRA,2100030546
2100031410,KONATHALAVENKATA SIVAJIABHINAV,2100031410
2100030134,DONDAMURIANURADHARANI,2100030134
2100031083,CHINTHANIPPUPRASHANTH,2100031083
2100030208,JONNALAHARSHAVARDHANREDDY,2100030208
2100030592,GOGUVENKATA SAIMEGHANA,2100030592
2100030173,GOLLAPUDISUSHMACHOWDARY,2100030173
2100030334,MELLEMPUDISAKETH,2100030334
2100030512,SRUNGARAPUPRADEEPKUMAR,2100030512
2100030382,NIMMAGADDAPRAVEEN,2100030382
2100030081,BURUGULAPAVAN KUMAR,2100030081
2100030751,VNIVASCHOWDARY,2100030751
2100030600,VINNAKOTAHARSHAVARDHAN,2100030600
2100030404,PARUPUDISRI GIRIJA NALINIKRISHNAMOHAN,2100030404
2100030601,VINNAKOTAROHITH,2100030601
2100030511,SRIKANTIKRISHNASAI PAVAN,2100030511
2100030034,BAIPILLA SWAMYESHWARROHANTH,2100030034
2100030068,BOMMINENIHARSHINI,2100030068
2100030110,DADIPALLAVI,2100030110
2100030617,YARLAGADDASYAMTRINADH,2100030617
2100030191,GULSHANSHAHISHAIK,2100030191
2100030219,KAKASAI DATHA DHANUSH,2100030219
2100030011,ANDALURINAGASIDHI VASANTHAPHANI KUMAR,2100030011
2100030319,MADAMAHENDRABABU,2100030319
2100030342,MOHAMMEDSOHAILKHAN,2100030342
2100030016,ARISETTYYASWANTHPRABHU,2100030016
2100030139,DUGGIRALAMANO BHARATH,2100030139
2100030096,CHARITHASREEVUPPALA,2100030096
2100030059,BOBBAREVATHI,2100030059
2100030408,SAMBASIVA RAOALAPATI,2100030408
2100030669,SAISRIMAHITHAAYYAGARI,2100030669
2100030275,KONDAMURITHANISHQ,2100030275
2100030291,KURRARISHITHA,2100030291
2100030364,NAGABHUVANAKARRI,2100030364
2100030843,KOTHADINESH VENKATAGOPI SAI,2100030843
2100030466,SAKHIL,2100030466
2100030428,PENUMALASESHAETA,2100030428
2100030426,PENTELANITHISHKUMAR,2100030426
2100030024,ATLURISUNADAPRIYA,2100030024
2100030480,SANKARKARTHIKEYA,2100030480
2100030439,POLISETTYSRIKRANTHI,2100030439
2100030047,BAVINENIHOSHITA,2100030047
2100030048,BAVINENIPRIYANKA,2100030048
2100030207,JIGURUSIVA NAGANAMITHA,2100030207
2100030700,GADDEBHAVAGNA,2100030700
2100030113,DAMARLASAI VEERA SANJANA,2100030113
2100030244,LOKESHCHOWDARYKARRI,2100030244
2100030228,KAMINENIVEDASHREE,2100030228
2100030454,PARVATHANENIRAHUL,2100030454
2100030486,SEEMALAKAVYA,2100030486
2100030069,BOMMISETTYSAIDIVYA,2100030069
2100030075,BOYAVISWADEEPREDDY,2100030075
2100030353,MUMMALANENISOMNATH,2100030353
2100030537,TATIKONDAHEMANTHSAI RAM,2100030537
2100030094,CHAPAPAVANKALYAN,2100030094
2100030715,POTHINENIANISHA,2100030715
2100030349,MUKKALAVYSHNAVI,2100030349
2100030568,VADLAMUDIRISHIKA,2100030568
2100030588,VEGESNAGOWTHAM PAVANVARMA,2100030588
2100030477,SANAVULLABAIG,2100030477
2100030696,TEJASWIPANDITI,2100030696
2100030239,KAPUKARTHIKCHOWDARY,2100030239
2100030255,KOSETTINAGA VENKATESH,2100030255
2100030333,MEDISETTISAI TEJAADITYA,2100030333
2100030553,TOLCHURIRAJITHA,2100030553
2100030366,NAGUBANDIHEMANTH,2100030366
2100030591,VENIGALLASOWJANYA,2100030591
2100030318,MAHAMMADRUBEENAAFREEN,2100030318
2100030106,CHIRLASURYA PRADEEPREDDY,2100030106
2100030085,KOTACHAITANYA SAI,2100030085
2100030187,GUDIBANDIHARSHA VARDHANREDDY,2100030187
2100030636,SANAGALASAI KRISHNAREDDY,2100030636
2100030193,HARSHITHAKUSAM,2100030193
2100030194,HASITHAKUSAM,2100030194
2100030251,KESARINAGAHARSHITHA,2100030251
2100030054,BHIMIREDDYHARSHA DEEPREDDY,2100030054
2100030165,GRANDHIGUNA SAIHARIKRISHNA,2100030165
2100030455,RALLABHANDISIVA SANKARABHARADWAJ,2100030455
2100030506,SIRIGIRIJEWANTH,2100030506
2100030484,SAVARAMSAI KRISHNA CHAITANYAPRABHU,2100030484
2100030177,SudeepGorantla,2100030177
2100030596,VENNAPRASANNALAKSHMI,2100030596
2100030117,DASARIRAM SHEKARREDDY,2100030117
2100030575,VANDANAPUDILIPKRISHNA,2100030575
2100030151,GADHIRAJUSRIHARSHITHA,2100030151
2100030518,SUREPALLIMAHESHBABU,2100030518
2100030557,TUMPUDIAISHWARYA,2100030557
2100030787,TAMMASWETHALOWKIKA,2100030787
2100030582,VEDANTHAMSRI SAI RADHA KRISHNAKOWSHIK,2100030582
2100030164,GGOWTHAMI,2100030164
2100030482,SARANUSAIRAKESH,2100030482
2100030732,BOMMINAPRASANTHKUMAR,2100030732
2100030603,VISHNUMOLAKALALAKSHMIDURGA,2100030603
2100030216,KSARANYA,2100030216
2100030280,KOTACHANDU SRINIVASAREDDY,2100030280
2100030556,TUMMALARAJA SEKHARREDDY,2100030556
2100030766,GADDIPATIRUPESHKUMAR,2100030766
2100030397,PANDIRIMANISHABHI SAI,2100030397
2100030599,VIGRAHALAALEKHYA,2100030599
2100031031,REDDISATYAKARTHIK,2100031031
2100031018,SHAIKMUZUBARRAHIMAN,2100031018
2100030198,INUPAGOLLALAKSHMI N BCHARMIKA,2100030198
2100030375,NEELISETTYVENKATASAI VIVEK,2100030375
2100030242,KARPURAPUAPARNAVAISHNAVI,2100030242
2100030070,BOMMISETTYVENKATACHARAN,2100030070
2100030401,PAREKATAVINASH,2100030401
2100030551,TIRUMALASETTYTEJASRITH,2100030551
2100030656,BOTLAGUNTAKUMARCHOWDARY,2100030656
2100030570,VAKKALAGADDAKESAVAMANIKANTA,2100030570
2100030675,DAGAMMAHESH,2100030675
2100030235,KANDUKURIROHIT,2100030235
2100030145,DASARIBENJAMINFRANKLIN,2100030145
2100030363,NALLAMOLUSWAPNIL,2100030363
2100030561,UPPALASANDEEP,2100030561
2100030277,KOPPUMEGHAKOWSHIK,2100030277
2100030269,KOMMALAPATIVENKATA SUMANTHDATTA,2100030269
2100030189,GUDIVADAMANIKANTA BHARGAVSRIRAM,2100030189
2100030022,JASWANTHKIRANATHOTA,2100030022
2100030211,JONNAVITHULAKARTHIKEYASAI,2100030211
2100030630,SOLABHAVANA,2100030630
2100030405,PASALABHANUANIRUTH,2100030405
2100030452,RACHAKONDANAGAUSHASWINI,2100030452
2100030496,SHAIKKHURSHEED,2100030496
2100030232,KANCHARLAKHYATHI,2100030232
2100030811,VADDEKARTHIKEYA,2100030811
2100030666,JONNAKUTIAISHWARYA,2100030666
2100031640,SILAPARASETTISAIBALAJI,2100031640
2100030391,PACHIPALARAGHAANVITH,2100030391
2100030451,RAAVIVEERAVAMSHI,2100030451
2100030894,KOTHAPALLIANVESH,2100030894
2100030027,AVULAKARTHIKKUMAR,2100030027
2100030616,YARLAGADDAJAYAVARDHAN,2100030616
2100030040,BALUSUPATIVARUNKUMAR,2100030040
2100030197,INTURINEHACHOWDARY,2100030197
2100030348,MUDUNURISRINAGAVENKATA VIJAYASATWIKVARMA,2100030348
2100030258,KODUMURUSREEJA,2100030258
2100030204,JANGA SAKSHITHA,2100030204
2100030359,MVINAYREDDY,2100030359
2100030156,GANIMISETTYSURYAVISHNU,2100030156
2100030424,PENDYALASNEHARIKA,2100030424
2100030897,DUBAGUNTLASANDEEP,2100030897
2100030610,YADLAPRADEEP,2100030610
2100030572,VAMANAPALLIPURNA MANIKUMAR,2100030572
2100030357,MUTHINENIVENKATSAI,2100030357
2100030351,MULLAPUDICHARAN,2100030351
2100030071,VASANTHASIVAJIGANESH,2100030071
2100030565,VUTTIVENKATASAI GANESH,2100030565
2100030420,PEDDINENISAIGANESH,2100030420
2100030056,BHUVANAGIRIAASHRIT,2100030056
2100030118,DASAROJUJAYANTH,2100030118
2100030133,DIVITARAKA DURGA BALAJI,2100030133
